No.,Project ,Part Number,Part Description
1,BAY,3200000278,CABLE CONNECTOR CT1
2,BAY,3200000279,CABLE CONNECTOR CT2
3,BAY,3200000280,CABLE CONNECTOR CT3
4,BAY,3200000281,CABLE CONNECTOR CT4
5,BAY,371000003,Rubber key(Long)
6,BAY,4371000004,Rubber key(Short)
7,BAY,4380000027,Lock Cassette H-CDU
8,BAY,5409000019,Printer Unit CD 4.5
9,BAY,5621000036,Main Power Supply
10,BAY,5645000001,Card Reader (Sankyo)
11,BAY,56610000029,"MONITOR LCD15"""
12,BAY,56610000030,Font Panel
13,BAY,7020000046,Printer Unit CD 4.7
14,BAY,7090000453,PC Unit CD 4.5-6 Core i3 Set
15,BAY,7090000453-L,PC Lenovo Unit CD 4.5-6 Core i3 Set
16,BAY,7090000687,IPC_H61:I3:2GB:HDD1 4.7
17,BAY,7100000050,Front MONITOR for TTW
18,BAY,7110000009,Rear Monitor
19,BAY,7120000073,Barcode 1d
20,BAY,7120000074,Barcode 2d
21,BAY,7130020600,EPP-8000R
22,BAY,7310000386,Separate SF1-2
23,BAY,7310000707,Main Body HCDU Front
24,BAY,7310000708,Main Body non Carridge
25,BAY,7310000709,Main Body HCDU +Board Back
26,BAY,7310000709-F,Main Body HCDU +Board Front
27,BAY,7430000255,Separate SF3-4
28,BAY,7430000286,ASSY:GEAR_Z40W8M10_1D
29,BAY,7430000301,Throat  Assy F/L
30,BAY,7460000002,Board PNC (PCB)
31,BAY,7650000007,Action Key long (Right)
32,BAY,7650000008,Action Key long (Left)
33,BAY,7650000010,Action Key Short (Right)
34,BAY,7650000011,Action Key Short (Left)
35,BAY,7760000064,PCBA:MAINBOARD
36,BAY,7760000162,FM Ctrl. Board
37,BAY,S4901000067,E-Lock Laguard
38,BAY,S4901000068,Keypad Kaba(Safe)
39,BAY,S4901000069,Keypad lagard(Safe)
40,BAY,S4901000070,Keypad SecuRam(Safe)
41,BAY,S4901000071,Long key
42,BAY,S4901000083,E-Lock SecuRAM
43,BAY,S5611000347,Camera1 Face
44,BAY,S5611000348,CAMERA shutter
45,BAY,S5645000043,CARD READER 4.7
46,BAY,S7100000284,15' LCD (OPL_LOBBY)
47,BAY,S7430000302,THROAT_R
48,GRG GHB,012345678-H,เสา
49,GRG GHB,123456789-H,ฐาน
50,GRG GHB,201011003-H,STAMP MACHINE (SM-002)
51,GRG GHB,202010012-H,ANTI LEBANESE HOOK DEVICE
52,GRG GHB,202010014-H,Card Reader (Sankyo ICT3Q8-3A0179)
53,GRG GHB,202010017-H,Card Reader (Sankyo ICT3Q8-3A0179)
54,GRG GHB,202011056-H,Card Reader (Sankyo ICT3Q8-3A0179)
55,GRG GHB,202030001001-H,Proximity sensor
56,GRG GHB,202030008-H,2D barcode reader(N5683SR/HONEYWELL)
57,GRG GHB,202030012001-H,Fingerprint reader (FPR-622/V501A)
58,GRG GHB,202030277-H,2D BARCODE SCANNER NLS-FM30
59,GRG GHB,203010188006-H,Deliver card module for D1-GRG
60,GRG GHB,203020184-H,Doc Scanner&Drop Box HSM-003
61,GRG GHB,206010007016-H,EPP003 Keypad
62,GRG GHB,206010182018-H,EPP-004 Keyboard - English and Thai
63,GRG GHB,206010182020-H,EPP004 Keypad
64,GRG GHB,206010182-H,EPP-004 KEYPAD (CHINESE/ENGLISH VERSION)
65,GRG GHB,207040005-H,USB Thermal Receipt Printer/TRP-005
66,GRG GHB,207040007005-H,TRP-003R
67,GRG GHB,207040198-H,TRP-006A SHORT THERMAL RECEIPT PRINTER
68,GRG GHB,208010006-H,Power Supply(AD321M36-4M1320W)
69,GRG GHB,208010022-H,Power Supply(Detla/DPS-60PBAA00)
70,GRG GHB,208010040-H,AC box/YT-AC BOX-001
71,GRG GHB,208010056-H,Power Box(AD901M36-4M1A)
72,GRG GHB,208010063-H,Power Supply GPAD431M36-1E
73,GRG GHB,208010065-H,Power Supply(GPAD311M36-4B)
74,GRG GHB,208010182-H,Power Supply(GPAD132M36-4A)
75,GRG GHB,208010187-H,POWER SUPPLY (FSP300-70PFL)
76,GRG GHB,208030001-H,C/R External Capacitor C/REP-001
77,GRG GHB,210010005-H,Audio Amplifier AAP-002
78,GRG GHB,210010183-H,Speakers M18
79,GRG GHB,211010193-H,USB camera Logitech C920
80,GRG GHB,211010195-H,USB WDR camera DV-U3303WCP205
81,GRG GHB,211030190-H,HUMAN APPROACH SENSOR TAD-9128
82,GRG GHB,213050182-H,Coil Winding Controller (Phone Cable)
83,GRG GHB,214010016019-H,IPC-GRGB (Computer) CPU:E5300 RAM2G HDD250G
84,GRG GHB,214010190018-H,IPC-013(i3-3220 4GM 1THD)
85,GRG GHB,214010190-H,IPC-013
86,GRG GHB,214010191001-H,IPC-014
87,GRG GHB,214010191002-H,IPC-014(I5-3550 4GM 1T HD/IEI)
88,GRG GHB,214010191020-H,IPC-014(I3-3220 3.3G 8GM)
89,GRG GHB,214010191022-H,IPC-014(I5-3550 4GM 1T HD/IEI)
90,GRG GHB,214010191-H,IPC-014（i3 3.3G 4GM 500*2GHD）
91,GRG GHB,214010194-H,IPC-014
92,GRG GHB,214020005014-H,Harddisk (Seagate/ST3250312AS/500G)
93,GRG GHB,214020209-H,hard disk/ST500DM009/seagate
94,GRG GHB,214020210-H,Seagate ST1000DM010
95,GRG GHB,214030022-H,RAM(4GBDDR31333Kingstone)
96,GRG GHB,214030182-H,Kingston 4GB DDR3 1600MHz
97,GRG GHB,214040067-H,IPC MAIN BOARD(GDYT-IMB-H61 2B)
98,GRG GHB,214040185002-H,KINO-CV-D25501(MB+500G HDD+4GM+cable)
99,GRG GHB,214040185-H,IEI embedded PC board KINO-CV-D25501
100,GRG GHB,214040198-H,IPC Mainboard
101,GRG GHB,214040209-H,PC(GRG-S7015-02(4GM/128GSSD/VGA))
102,GRG GHB,214040210-H,GRG-S7018(4GM/128 G/mSATA/with cable)
103,GRG GHB,214050012-H,CPU(Core i5 3550 3.3G Intel)
104,GRG GHB,214050013-H,CPU(Core i3 3220 3.3ntel)
105,GRG GHB,214090182-H,Graphic Card
106,GRG GHB,214100011-H,DVDROM(iHAS124)
107,GRG GHB,214110364-H,IPC-014(I5-3550 4GM 1T HD/IEI)
108,GRG GHB,214110365-H,IPC-013 (i3/ 4GM/ no HDD)
109,GRG GHB,215020006-H,21.5  LCD(Bigtide/HL2102)
110,GRG GHB,215020194-H,LCD Module/HL1558-NO1
111,GRG GHB,215030189-H,21.5 anti-peep touch screen
112,GRG GHB,215030194-H,10.4 inch touch LCD HL1002
113,GRG GHB,215030199001-H,15-inch touch disply/ X-AU15T2525LE02
114,GRG GHB,215030237-H,TOUCH SCREEN#OTL193-RPC03(F)-UCD-1194
115,GRG GHB,215030300-H,TOUCH SCREEN MODELL:MON-1501
116,GRG GHB,215030315-H,21.5 inch Touch Screen HL2111B
117,GRG GHB,215040005-H,15 Touch Screen(TSC-004TL6B15D2WS)
118,GRG GHB,215050185-H,LCD HL1513N(AUO LED)
119,GRG GHB,216010006001-H,LAGARD LOCK 3390 and 1777
120,GRG GHB,216020185-H,KABA KEY LOCK 71111
121,GRG GHB,301010116-H,CRM9250 Upper Board
122,GRG GHB,301010117-H,CRM9250 Main Board
123,GRG GHB,301010131001-H,USB TRP Control Board
124,GRG GHB,301010133-H,Recycle Cassette Control Board
125,GRG GHB,301010144001-H,TRP-005 control board_package material
126,GRG GHB,301010145-H,ODS control board
127,GRG GHB,301010146-H,CRM9250 AC control board
128,GRG GHB,301010176-H,THICKNESS SENSOR BOARD
129,GRG GHB,301010232001-H,Paper Low Level Sensor 401
130,GRG GHB,301010337001-H,IO EXPANDING BOARD (12 PORTS)
131,GRG GHB,301010339-H,NV power board
132,GRG GHB,301010348001-H,VTM Voice Amplifier Board
133,GRG GHB,301010396-H,UI control board
134,GRG GHB,301010425-H,Sankyo Card Reader Control Board
135,GRG GHB,301010830003-H,IO SIGNAL CONTROL BOARD
136,GRG GHB,401010888-H,RC-XS1 connector (male)
137,GRG GHB,401010890-H,AC connector (female)
138,GRG GHB,401010892-H,RC1 connector (female)
139,GRG GHB,401010894-H,RC2 connector (female)
140,GRG GHB,401010896-H,RC3 connector (female)
141,GRG GHB,401010898-H,RC4 connector (female)
142,GRG GHB,401010900-H,AC-XS1 connector (male)
143,GRG GHB,401014790-H,H22NL core USB signal cable
144,GRG GHB,402020009-H,NF cable assembly
145,GRG GHB,402020022-H,Motor cable
146,GRG GHB,402020038-H,MF08(motor with Cable)
147,GRG GHB,501010005-H,USB HUB(MOXA407)
148,GRG GHB,501010506-H,CM400 NV ASSY
149,GRG GHB,501010945-H,Sound Pick-up(MIC-001)
150,GRG GHB,502010210-H,Link transportation（front service）
151,GRG GHB,502010211-H,Note Feeder Slot
152,GRG GHB,502010214007-H,CRM9250N  Recycling  Cassettes
153,GRG GHB,502010214009-H,Recycling cassette (English spare part)
154,GRG GHB,502010214-H,CRM9250N Recycling Cassettes(EN)
155,GRG GHB,502010215003-H,CRM9250 AC Cassette(English)
156,GRG GHB,502010216-H,Slot Shutter (CRM9250-ss-001)
157,GRG GHB,502010217-H,Note feeder Lower
158,GRG GHB,502010218001-H,Note Escrow
159,GRG GHB,502010218002-H,Note Escrow
160,GRG GHB,502010221-H,Note Feeder Transport
161,GRG GHB,502010223001-H,CT MODULE (CRM9250/RS/ENGLISH) (Front service)
162,GRG GHB,502010223002-H,CRM9250 front access cassette channel assy
163,GRG GHB,502010233-H,NE tri-section module
164,GRG GHB,502010240-H,Link transportation(front service)
165,GRG GHB,502010242-H,Note-Reject Channel(CRM9250 NF)
166,GRG GHB,502010243-H,LT pusher plate (left)
167,GRG GHB,502010244-H,LT pusher plate (right)
168,GRG GHB,502010284-H,Note Feeder Upper Module(CRM9250)
169,GRG GHB,502010292002-H,Note Validator Module(2nd generation)
170,GRG GHB,502010745-H,MF06 (shutter motor with Cable)
171,GRG GHB,502010790-H,MOTOR PF02
172,GRG GHB,502010791-H,LPS TOMOR PE02
173,GRG GHB,502010798-H,MPS TOMOR PE01
174,GRG GHB,502010799-H,LPS MOTOR PE03
175,GRG GHB,502010803-H,MF02 stepper motor own cable
176,GRG GHB,502010805-H,MF04 stepper motor own cable
177,GRG GHB,502010806-H,MF05 stepper motor own cable
178,GRG GHB,502010807-H,ME01 stepper motor own cable
179,GRG GHB,502010809-H,ME03 stepper motor own cable
180,GRG GHB,502011036-H,NE Entrance Guide-plate Component
181,GRG GHB,502011086-H,motor assy.
182,GRG GHB,502011088-H,RC1 Base board DC motor assy
183,GRG GHB,502011089-H,CRM9250 motor assemblyRC2
184,GRG GHB,502011090-H,RC3DC motor assy-RC3
185,GRG GHB,502011091-H,RC4DC motor assy-RC4
186,GRG GHB,502011092-H,RC2 motor assy_CRM9250
187,GRG GHB,502011093-H,CRM9250 cassette motor assembly RC3
188,GRG GHB,502011094-H,CRM9250 cassette motor assembly RC4
189,GRG GHB,502011292-H,4x1 FKP - PCB
190,GRG GHB,502011337-H,NF rotary Solenoid assembly
191,GRG GHB,502011340-H,MF05 (NF main Motor with Cable and Gear)
192,GRG GHB,502011344-H,MF07 (pusher plate motor with Cable)
193,GRG GHB,502011368-H,rotary Solenoid
194,GRG GHB,502011379-H,MF02 (Motor with Cable and Gear)
195,GRG GHB,502011387-H,MF04 (Motor with Cable and Gear)
196,GRG GHB,502011423-H,transport-AC Lower plate A
197,GRG GHB,502011424-H,transport-AC Lower plate B
198,GRG GHB,502011426-H,transport-RC Lower plate
199,GRG GHB,502011450-H,MC07
200,GRG GHB,502011454-H,MC02(with Cable and Gear)
201,GRG GHB,502011455-H,Channel main motor assy.
202,GRG GHB,502011457-H,MC06 (Motor with Cable and Gear)
203,GRG GHB,502011459-H,LT foreside assembly
204,GRG GHB,502011508002-H,AC Upper Plate Assy
205,GRG GHB,502011510-H,AC mid-plate assembly
206,GRG GHB,502011518-H,RC pick roller assebmly
207,GRG GHB,502011529-H,RC connector assembly
208,GRG GHB,502011535-H,AC base plate assembly
209,GRG GHB,502011546-H,NE rotary Solenoid assembly
210,GRG GHB,502011552-H,ME01 and MF03(with Cable and Gear)
211,GRG GHB,502011553-H,ME02(with Cable and Gear)
212,GRG GHB,502011649-H,MC01(Motor with Cable and Gear)
213,GRG GHB,502011938-H,Note Cassette CDM8240-NC-001 (CNY100)
214,GRG GHB,502012281-H,Bezel assy.
215,GRG GHB,502012560-H,Motor Assy
216,GRG GHB,502014045-H,diverter (AC-CT) Generic Component
217,GRG GHB,502014949002-H,CRM9250N RC cassette (English CNY100)
218,GRG GHB,502014949070-H,CRM9250NRC
219,GRG GHB,502015117-H,Card return on Power failure
220,GRG GHB,602010410001-H,4x1 FKP - metal casing
221,GRG GHB,602011701-H,LOCK CATCH 2 (for BCA)
222,GRG GHB,602020306-H,LOCK  CATCH  1 (for BCA)
223,GRG GHB,708030012-H,U-type Sensor/OJ-551-A5/ALEPH
224,GRG GHB,708030016-H,Coder (OSS-05-2C)
225,GRG GHB,708030048-H,SENSOR (G310/ EMITTER)
226,GRG GHB,708030049-H,SENSOR (DIG310D/ RECEIVER)
227,GRG GHB,708040006-H,Sensor FI-406GB11
228,GRG GHB,708050003-H,Preread magnetic head
229,GRG GHB,708050014-H,R/W Head Assy.(0188 type)
230,GRG GHB,711010018-H,TRP-005 Print headLTP2242
231,GRG GHB,711010021-H,TRP-003 print headBT-T080
232,GRG GHB,711060005-H,Step Motor STP-59D5055GAN
233,GRG GHB,711060049-H,Step motor(42_STP-45D0009)
234,GRG GHB,711090500-H,Soleniod SMTR-3616LR16AA
235,GRG GHB,711110045-H,DPDT switch 1DM401(Honeywell)
236,GRG GHB,711110046-H,DPDT switch 2DM409(Honeywell)
237,GRG GHB,714020040-H,Bevel Gear (0818-m1.5)
238,GRG GHB,714070042-H,NOTE FEEDER RUBBER
239,GRG GHB,714070084-H,Capture Roller
240,GRG GHB,715010055-H,Flat Belt SE-N-SMV110*429*0.65
241,GRG GHB,715010067-H,Belt 372 X 12 X 0.65
242,GRG GHB,715010165-H,tape (with black end)
243,GRG GHB,715010166-H,tape (no black end)
244,GRG GHB,715030021-H,Belt 141*6S3M
245,GRG GHB,716010197-H,OD24 PRINTER PAPER SPINDLE
246,GRG GHB,720110140-H,KEY LOCK (MS864-4)(8301)
247,GRG GHB,720110141-H,KEY LOCK (MS864-4)(8302)
248,GRG GHB,720110145-H,Cabinet door lock (MS864-4) (8306)
249,GRG GHB,720110146-H,KEY LOCK (MS864-4)(8307)
250,GRG GHB,720110147-H,KEY LOCK (MS864-4)(8308)
251,GRG GHB,720110148-H,KEY LOCK (MS864-4)(8309)
252,GRG GHB,720110171-H,ABA lock 9249(common key)
253,GRG GHB,720110182-H,Cassette Lock -ABA
254,GRG GHB,721010055-H,Prism D34
255,GRG GHB,721030420-H,Privacy Film
256,GRG GHB,721030421-H,60 Privacy Filter /B-HDPV400AG
257,GRG GHB,724010207-H,4x1 FKP - M4x10 tapping screw
258,GRG GHB,724080028-H,Non-solid pin 2.5X14(thichness=0.5)
259,GRG GHB,724080029-H,Non-solid pin 2.5*20
260,GRG GHB,725012339-H,LCD PANEL SIDE FIXING PLATE 1
261,GRG GHB,725012340-H,LCD panel up fixing plate
262,GRG GHB,725017325-H,Connector guide-plate
263,GRG GHB,726010332-H,RC base plate
264,GRG GHB,726010333-H,RC top plate
265,GRG GHB,726010353-H,AC Top-plate
266,GRG GHB,726010376003-H,LCD Panel
267,GRG GHB,726010463-H,cassette adjust shim
268,GRG GHB,726010464-H,adjustor connector (left)
269,GRG GHB,726010465-H,adjustor connector (right)
270,GRG GHB,726010527-H,Belt-lock for Top plate belt
271,GRG GHB,726010528-H,Belt-lock for Pressure plate belt
272,GRG GHB,726011415-H,key cap
273,GRG GHB,726021449-H,4x1 FKP - silicon rubber
274,GRG GHB,728021631-H,LOCK SHAFT 1 (FOR BAC)
275,GRG GHB,728021632-H,LOCK SHAFT 2 (FOR BCA)
276,GRG GHB,801060527-H,Stylus
277,GRG GHB,801080004-H,Rubber bar
278,GRG GHB,801080012-H,Waterproof Ring(4MM*9MM)
279,GRG GHB,803030019-H,Calibration Note
281,GRG GHB,DD2FWB4AB5XFFB2X-H,MDM i9000S
282,GRG GHB,H. V030008,HEAT
283,GRG GHB,HBL9000S-H,Battery for I9000s
284,GRG GHB,NBC9000S-H,Battery Charger for i9000S
285,GRG GSB,202010012,ANTI LEBANESE HOOK DEVICE
286,GRG GSB,202010014,Card Reader (Sankyo ICT3Q8-3A0179)
287,GRG GSB,202020228,RF-2G Creator
288,GRG GSB,202030001001,Proximity sensor
289,GRG GSB,202030008,2D barcode reader(N5683SR/HONEYWELL)
290,GRG GSB,202030012001,Fingerprint reader (FPR-622/V501A)
291,GRG GSB,202030277,2D BARCODE SCANNER NLS-FM30
292,GRG GSB,202030436,QR CODE SCANNING MODULE (N5680SR-BR0-215)
293,GRG GSB,202030464,Finger Printer/FPR622(HID)
294,GRG GSB,202060224,barcode reader(NT0810-1/for VTM)
295,GRG GSB,203020184,Doc Scanner&Drop Box HSM-003
296,GRG GSB,"206010182018,",EPP-004 Keyboard - English and Thai
297,GRG GSB,206010182020,EPP004 Keypad
298,GRG GSB,207040005,USB Thermal Receipt Printer/TRP-005
299,GRG GSB,207040007005,TRP-003R
300,GRG GSB,207040197,THERMAL RECEIPT PRINTER(TRP-006R)
301,GRG GSB,208010006,Power Supply(AD321M36-4M1320W)
302,GRG GSB,208010022,Power Supply(Detla/DPS-60PBAA00)
303,GRG GSB,208010040,AC box/YT-AC BOX-001
304,GRG GSB,208010056,Power Box(AD901M36-4M1A)
305,GRG GSB,208010063,Power Supply GPAD431M36-1E
306,GRG GSB,208010187,POWER SUPPLY (FSP300-70PFL)
307,GRG GSB,208010238,POWER SUPPLY (GW-EP500WV36AA V02)
308,GRG GSB,208010276,POWER SUPPLY (PSU-3203)
309,GRG GSB,208030001,C/R External Capacitor C/REP-001
310,GRG GSB,210010005,Audio Amplifier AAP-002
311,GRG GSB,210010183,Speakers M18
312,GRG GSB,211010193,USB camera Logitech C920
313,GRG GSB,211010195,USB WDR camera DV-U3303WCP205
314,GRG GSB,211010253,camera(LHT-820CM301 7B/VTM /Linhuitong)
315,GRG GSB,211010408,GDZS-DC004-EJVL dual camera
316,GRG GSB,211030190,HUMAN APPROACH SENSOR TAD-9128
317,GRG GSB,213050182,Coil Winding Controller (Phone Cable)
318,GRG GSB,214010190,IPC-013
319,GRG GSB,214010190018,IPC-013(i3-3220 4GM 1THD)
320,GRG GSB,214010191,IPC-014（i3 3.3G 4GM 500*2GHD）
321,GRG GSB,214010191001,IPC-014(i3/3.3G/4GM/2* 1T HD)
322,GRG GSB,214010191002,IPC-014(i3/3.3G/4GM/2* 1T HD)
323,GRG GSB,214010191012,IPC-014 (I5-3550/4GM/2-1THD/IEI)
324,GRG GSB,214010191022,IPC-014(I5-3550 4GM 1T HD/IEI)
325,GRG GSB,214011217,IPC-014（i3/3.3G/4GM /No HDD）
326,GRG GSB,214020005014,Harddisk (Seagate/ST3250312AS/500G)
327,GRG GSB,214020209,hard disk/ST500DM009/seagate
328,GRG GSB,214020210,Seagate ST1000DM010
329,GRG GSB,214030022,RAM(4GBDDR31333Kingstone)
330,GRG GSB,214030182,Kingston 4GB DDR3 1600MHz
331,GRG GSB,214040067,IPC MAIN BOARD(GDYT-IMB-H61 2B)
332,GRG GSB,214040185,IEI embedded PC board KINO-CV-D25501
333,GRG GSB,214040185002,KINO-CV-D25501(MB+500G HDD+4GM+cable)
334,GRG GSB,214040209,PC(GRG-S7015-02(4GM/128GSSD/VGA))
335,GRG GSB,214040210,GRG-S7018(4GM/128 G/mSATA/with cable)
336,GRG GSB,214050012,CPU(Core i5 3550 3.3G Intel)
337,GRG GSB,214050013,CPU（Core i3 3220 3.3ntel）
338,GRG GSB,214060187,Keyboard DS-2120K
339,GRG GSB,214090182,Graphic Card
340,GRG GSB,214100011,DVDROM(iHAS124)
341,GRG GSB,214100012,DVD ROM (iHAS324)
342,GRG GSB,214110364,IPC-014 (i5/ 4GM/ no HDD)
343,GRG GSB,215020006,21.5 LCD(Bigtide/HL2102)
344,GRG GSB,215020194,LCD Module/HL1558-NO1
345,GRG GSB,215030189,21.5 anti-peep touch screen
346,GRG GSB,215030194,10.4 inch touch LCD HL1002
347,GRG GSB,215030199001,15-inch touch disply/ X-AU15T2525LE02
348,GRG GSB,215030222,10-inch TOUCH SCREEN (MON-1001)
349,GRG GSB,215030237,TOUCH SCREEN#OTL193-RPC03(F)-UCD-1194
350,GRG GSB,215030300,TOUCH SCREEN (MON-1501/NCB01)
351,GRG GSB,215040005,15 Touch Screen(TSC-004TL6B15D2WS)
352,GRG GSB,215050185,LCD HL1513N(AUO LED)
353,GRG GSB,215050247,Touch screen/MON-1501(NCB03)
354,GRG GSB,216010006,Mechanical lock (LAGARD/3390+1777)
355,GRG GSB,216010006001,LAGARD LOCK 3390 and 1777
356,GRG GSB,216020190,TAIZHOU LOCK(8K-2)
357,GRG GSB,301010116,CRM9250 Upper Board
358,GRG GSB,301010117,CRM9250 Main Board
359,GRG GSB,301010131001,USB TRP Control Board
360,GRG GSB,301010133,Recycle Cassette Control Board
361,GRG GSB,301010144001,TRP-005 control board_package material
362,GRG GSB,301010145,ODS control board
363,GRG GSB,301010146,CRM9250 AC control board
364,GRG GSB,301010176,THICKNESS SENSOR BOARD
365,GRG GSB,301010232001,Paper Low Level Sensor 401
366,GRG GSB,301010337001,IO EXPANDING BOARD (12 PORTS)
367,GRG GSB,301010339,NV power board
368,GRG GSB,301010348001,VTM Voice Amplifier Board
369,GRG GSB,301010425,Sankyo Card Reader Control Board
370,GRG GSB,301010700,Recycle Cassette Control Board
371,GRG GSB,301010830003,IO SIGNAL CONTROL BOARD
372,GRG GSB,301010904,TRP-006R RECEIPT PRINTER CONTROL BOARD
373,GRG GSB,301011536,IC CHIP MODULE(S57A595A/NIDEC SANKYO)
374,GRG GSB,401010888,RC-XS1 connector (male)
375,GRG GSB,401010890,AC connector (female)
376,GRG GSB,401010892,RC1 connector (female)
377,GRG GSB,401010894,RC2 connector (female)
378,GRG GSB,401010896,RC3 connector (female)
379,GRG GSB,401010898,RC4 connector (female)
380,GRG GSB,401010900,AC-XS1 connector (male)
381,GRG GSB,401013175,VGA cable
382,GRG GSB,401014790,H22NL core USB signal cable
383,GRG GSB,401027879,H68NL-829 UPS INPUT EXTENSION CABLE
384,GRG GSB,401027880,H68NL-829 UPS OUTPUT EXTENSION CABLE
385,GRG GSB,401027882,H68NL-829 LOWER FAN CABLE
386,GRG GSB,401044864,H68NL-829 UPS SERIAL EXTENSION CABLE
387,GRG GSB,401045259,QR CODE SCANNER USB CABLE
388,GRG GSB,401045275,RF reader signal cable
389,GRG GSB,402020009,NF cable assembly
390,GRG GSB,402020022,Motor cable
391,GRG GSB,402020038,MF08(motor with Cable)
392,GRG GSB,501010005,USB HUB(MOXA407)
393,GRG GSB,501010429002,Anti-damage reader assembly
394,GRG GSB,501010945,Sound Pick-up(MIC-001)
395,GRG GSB,502010115,ADDA BIG FAN ASSEMBLY (WITH CABLE)
396,GRG GSB,502010210,Link transportation（front service）
397,GRG GSB,502010211,Note Feeder Slot
398,GRG GSB,502010214009,Recycling cassette (English spare part)
399,GRG GSB,"502010215003,",CRM9250 ACCassette(English)
400,GRG GSB,502010216,SHUTTER ASSY (CRM9250)
401,GRG GSB,"502010216001,",CRM9250 recycling shaft assembly
402,GRG GSB,502010217,Note feeder Lower
403,GRG GSB,502010218001,Note Escrow
404,GRG GSB,"502010218003,",CR9250 NE temporary storage assembly
405,GRG GSB,502010221,Note Feeder Transport
406,GRG GSB,502010222001,Cash Transportation (Rear service)
407,GRG GSB,502010222002,Cash Transportation (Rear service)
408,GRG GSB,502010223,CT MODULE (CRM9250/RS/ENGLISH) (Front service)
409,GRG GSB,"502010223001,",CT MODULE (CRM9250/RS/ENGLISH) (Front service)
410,GRG GSB,"502010223002,",Cash Transportation (Front service)
411,GRG GSB,502010227002,CRM9250(FS/EN/OD S/4 NRC/UNV/WITH LOCK) Lower unit
412,GRG GSB,502010233,NE tri-section module
413,GRG GSB,502010237002,CRM9250(FS/EN/OD S/4 NRC/UNV/WITH LOCK) Upper unit
414,GRG GSB,502010237004,CRM9250(FS/EN/OD S/4 NRC/UNV/WITH LOCK) Upper unit
415,GRG GSB,502010240,Link transportation (rear service)
416,GRG GSB,502010242,Note-Reject Channel(CRM9250 NF)
417,GRG GSB,502010243,LT pusher plate (left)
418,GRG GSB,502010244,LT pusher plate (right)
419,GRG GSB,502010284,Note Feeder Upper Module(CRM9250)
420,GRG GSB,502010292002,Note Validator Module(2nd generation)
421,GRG GSB,502010742,Step Motor Assy(CRM9250/RC2)
422,GRG GSB,502010743,Step Motor Assy(CRM9250/RC3)
423,GRG GSB,502010744,Step Motor Assy(CRM9250/RC4)
424,GRG GSB,502010745,MF06 (shutter motor with Cable)
425,GRG GSB,502010789,Solenoid_DLS-PF01(Z M)
426,GRG GSB,502010790,MOTOR PF02
427,GRG GSB,502010791,LPS TOMOR PE02
428,GRG GSB,502010792,solenoid(CRM9250 NT/AC assy/with cable)
429,GRG GSB,502010793,CRM9250 CT solenoid of AC1 assy.(with cable)
430,GRG GSB,502010794,CRM9250 CT solenoid of RC1 assy.(with cable)
431,GRG GSB,502010795,CRM9250 CT solenoid of RC2 assy.(with cable)
432,GRG GSB,502010796,CRM9250 CT solenoid of RC3 assy.(with cable)
433,GRG GSB,502010798,MPS TOMOR PE01
434,GRG GSB,502010799,LPS MOTOR PE03
435,GRG GSB,502010802,MF01 stepper motor own cable
436,GRG GSB,502010803,MF02 stepper motor own cable
437,GRG GSB,502010804,CRM9250 MF03Assy.(with cable)
438,GRG GSB,502010805,MF04 stepper motor own cable
439,GRG GSB,502010806,MF05 stepper motor own cable
440,GRG GSB,502010807,ME01 stepper motor own cable
441,GRG GSB,502010808,ME02 stepping motor
442,GRG GSB,502010809,ME03 stepper motor own cable
443,GRG GSB,502010810,SMHP step motor cable
444,GRG GSB,502010811,CRM9250 MF07 motor Assy.
445,GRG GSB,502011036,NE Entrance Guide-plate Component
446,GRG GSB,502011086,motor assy.
447,GRG GSB,502011088,RC1 Base board DC motor assy
448,GRG GSB,502011089,CRM9250 motor assemblyRC2
449,GRG GSB,502011090,RC3DC motor assy-RC3
450,GRG GSB,502011091,RC4DC motor assy-RC4
451,GRG GSB,502011092,RC2 motor assy_CRM9250
452,GRG GSB,502011093,CRM9250 cassette motor assembly RC3
453,GRG GSB,502011094,CRM9250 cassette motor assembly RC4
454,GRG GSB,502011292,4x1 FKP - PCB
455,GRG GSB,502011337,NF rotary Solenoid assembly
456,GRG GSB,502011340,MF05 (NF main Motor with Cable and Gear)
457,GRG GSB,502011344,MF07 (pusher plate motor with Cable)
458,GRG GSB,502011368,rotary Solenoid
459,GRG GSB,502011379,MF02 (Motor with Cable and Gear)
460,GRG GSB,502011387,MF04 (Motor with Cable and Gear)
461,GRG GSB,502011423,transport-AC Lower plate A
462,GRG GSB,502011424,transport-AC Lower plate B
463,GRG GSB,502011426,transport-RC Lower plate
464,GRG GSB,502011450,MC07
465,GRG GSB,502011454,MC02(with Cable and Gear)
466,GRG GSB,502011455,Channel main motor assy.
467,GRG GSB,502011457,MC06 (Motor with Cable and Gear)
468,GRG GSB,502011459,LT foreside assembly
469,GRG GSB,502011508002,AC Upper Plate Assy
470,GRG GSB,502011510,AC mid-plate assembly
471,GRG GSB,502011518,RC pick roller assebmly
472,GRG GSB,502011529,RC connector assembly
473,GRG GSB,502011535,AC base plate assembly
474,GRG GSB,502011546,NE rotary Solenoid assembly
475,GRG GSB,502011552,ME01 and MF03(with Cable and Gear)
476,GRG GSB,502011553,ME02(with Cable and Gear)
477,GRG GSB,502011649,MC01(Motor with Cable and Gear)
478,GRG GSB,502012281,Bezel assy.
479,GRG GSB,502012560,Motor Assy
480,GRG GSB,502014045,diverter (AC-CT) Generic Component
481,GRG GSB,"502014949002,",CRM9250N RC cassette (English CNY100)
482,GRG GSB,"502014949052,",RECYCLING CASSATTE
483,GRG GSB,"502014949070,",CRM9250NRC
484,GRG GSB,502015117,Card return on Power failure
485,GRG GSB,502015969,TRP-006R printer sensor and motor cable
486,GRG GSB,502017581,9250-UNV(MDT+HEC)
487,GRG GSB,502018807,SANKYO-0180 EASD module
488,GRG GSB,502021657,UNV MODULE
489,GRG GSB,602010410001,4x1 FKP - metal casing
490,GRG GSB,7010000186,H-CDU F/L Unit
491,GRG GSB,702040508,C/R External Capacitor MK-30V-P0.4FHS
492,GRG GSB,708030012,U-type Sensor/OJ-551-A5/ALEPH
493,GRG GSB,708030016,Coder (OSS-05-2C)
494,GRG GSB,708030034,MOD_SENSOR_U_SG2 48
495,GRG GSB,708030048,SENSOR (G310/ EMITTER)
496,GRG GSB,708030049,SENSOR (DIG310D/ RECEIVER)
497,GRG GSB,708030524,Photoelectric position sensor /SIS-PT16/
498,GRG GSB,708040006,Sensor FI-406GB11
499,GRG GSB,708050003,Preread magnetic head
500,GRG GSB,708050014,R/W Head Assy.(0188 type)
501,GRG GSB,711010018,TRP-005 Print headLTP2242
502,GRG GSB,711010021,TRP-003 print headBT-T080
503,GRG GSB,711010513,Thermal printer head/PT72AS-A/Pratt
504,GRG GSB,711060003,Step Motor(STH-39D2011GAN)
505,GRG GSB,711060005,Step Motor STP-59D5055GAN
506,GRG GSB,711060008,steo motor/STP-60D3007GAN
507,GRG GSB,711060049,Step motor(42_STP-45D0009)
508,GRG GSB,711080012,rotary Solenoid
509,GRG GSB,711090500,Soleniod SMTR-3616LR16AA
510,GRG GSB,711100033,IPC-011 Case Fan(RDH1225B)
511,GRG GSB,711100506,CPU Fan
512,GRG GSB,711110045,DPDT switch 1DM401(Honeywell)
513,GRG GSB,711110046,DPDT switch 2DM409(Honeywell)
514,GRG GSB,714020040,Bevel Gear (0818-m1.5)
515,GRG GSB,714070042,NOTE FEEDER RUBBER
516,GRG GSB,714070084,Capture Roller
517,GRG GSB,714110030,RC IMPELLER 1
518,GRG GSB,714110031,RC IMPELLER 2
519,GRG GSB,715010055,Flat Belt SE-N-SMV110*429*0.65
520,GRG GSB,715010067,Belt 372 X 12 X 0.65
521,GRG GSB,715010165,tape (with black end)
522,GRG GSB,715010166,tape (no black end)
523,GRG GSB,715030021,Belt 141*6S3M
524,GRG GSB,716010197,OD24 PRINTER PAPER SPINDLE
525,GRG GSB,718010020,LIGHT RAIL (3507-524)
526,GRG GSB,718010040,28-inch LIGHT LEFT RAIL (3732-207-L)
527,GRG GSB,718010041,28-inch LIGHT RIGHT RAIL (3732-207-R)
528,GRG GSB,718010059,34-inch EXTENDED6-inch HEAVY DUTY RAIL
529,GRG GSB,718010066,36-inch EXTENDED4-inch RAIL(C3551-109)
530,GRG GSB,720110168,ABA lock9439(with different keys)
531,GRG GSB,720110171,#ABA lock 9249(common key)
532,GRG GSB,720110182,Cassette Lock -ABA
533,GRG GSB,721010055,Prism D34
534,GRG GSB,721010104,Human Proximity Sensor Glass
535,GRG GSB,721030420,Privacy Film
536,GRG GSB,721030421,60 Privacy Filter /B-HDPV400AG
537,GRG GSB,724010102,ROUND HEAD CROSS SCREW M3X16
538,GRG GSB,724010102-10PCS,ROUND HEAD CROSS SCREW M3X16 (10PCS./PACK)
539,GRG GSB,724010134,M3*6 COMBINATION SCREW
540,GRG GSB,724010134-10PCS,M3*6 COMBINATION SCREW (10PCS./PACK)
541,GRG GSB,724010207,4x1 FKP - M4x10 tapping screw
542,GRG GSB,724010207-10PCS,4x1 FKP - M4x10 tapping screw (10PCS./PACK)
543,GRG GSB,724010615,SCREW M4X45
544,GRG GSB,724010615-10PCS,SCREW M4X45 (10PCS./PACK)
545,GRG GSB,724040110,M6 WASHER
546,GRG GSB,724040110-10PCS,M6 WASHER (10PCS./PACK)
547,GRG GSB,724050011,COMBINATION SCREW M4X8
548,GRG GSB,724050011-10PCS,COMBINATION SCREW M4X8 (10PCS./PACK)
549,GRG GSB,724080028,Non-solid pin 2.5X14(thichness=0.5)
550,GRG GSB,724080029,Non-solid pin 2.5*20
551,GRG GSB,725017325,Connector guide-plate
552,GRG GSB,725030904002,CRM9250 upper unit lock cover (including 725030903 lock bolt and 720110171 key lock)
553,GRG GSB,725040564,PANEL METAL HINGE
554,GRG GSB,725041951,FAN SUPPORT 1
555,GRG GSB,725041954,H68NL-829 CASH WITHDRAWAL
556,GRG GSB,725041955,H68NL-829 MONITOR LENS PRESS BOARD
557,GRG GSB,726010332,RC base plate
558,GRG GSB,726010333,RC top plate
559,GRG GSB,726010353,AC Top-plate
560,GRG GSB,726010463,cassette adjust shim
561,GRG GSB,726010464,adjustor connector (left)
562,GRG GSB,726010465,adjustor connector (right)
563,GRG GSB,726010527,Belt-lock for Top plate belt
564,GRG GSB,726010528,Belt-lock for Pressure plate belt
565,GRG GSB,726011415,key cap
566,GRG GSB,726021449,4x1 FKP - silicon rubber
567,GRG GSB,727020429001,4x1 FKP - button cap
568,GRG GSB,728022100,Hydraulic rod(450N)
569,GRG GSB,801060527,Stylus
570,GRG GSB,801070044,Thermal Receipt Printer(Slip paper) (6Roll/Box)
571,GRG GSB,801070044-1,Thermal Receipt Printer(Slip paper) (9Roll/Box)
572,GRG GSB,801070044-2,Thermal Receipt Printer(Slip paper) (3Roll/Box)
573,GRG GSB,803030019,Calibration Note
574,GRG GSB,9103-53862XG1-00,UPS Santak
575,GRG GSB,AD. V030004,ADAPTER
576,GRG GSB,AN.J V030006,ANTI JUMP
577,GRG GSB,B. V030001,BOX ALARM
579,GRG GSB,CER111-5PCS,CE report (5PCS./PACK)
580,GRG GSB,DD2FWB4AB5XFFB2X,MDM i9000S
581,GRG GSB,NBC9000S,Battery Charger for i9000S
582,GRG GSB,R. V030002,REMOTE
583,GRG GSB,SC. V030007,SET CABLE
584,GRG GSB,SP. V030005,SPEAKER
586,GRG GSB ATM,201020185046-GA,"CDM8240N(FS,SHORT,4NC)"
587,GRG GSB ATM,201020185103-GA,CDM8240N(FS/SHORT NP/2 NC/NEW CHANNEL)
588,GRG GSB ATM,201020186034-GA,"CDM8240N(RS,Long,no NV,4 NC )"
589,GRG GSB ATM,201020186102-GA,CDM8240N(FS/NO NC/NO RETRACT VAULT)
590,GRG GSB ATM,202011014-GA,CARD READER (CRT-350-NJ10)
591,GRG GSB ATM,202011056-GA,CARD READER (SANKYO/ ICT3Q8-3H0180-S)
592,GRG GSB ATM,202020376-GA,CARD READER(CRT-603-P200-001)
593,GRG GSB ATM,202060389-GA,Barcode Scanner/NT0810H
594,GRG GSB ATM,205011004001-GA,WITHDRAWAL  SHUTTER (WST-004)
595,GRG GSB ATM,206010182018-GA,EPP-004 KEYPAD (ENGLISH/THAI VERSION)
596,GRG GSB ATM,206010182020-GA,EPP004 Key Pad (English Version)
597,GRG GSB ATM,207040197002-GA,THERMAL RECEIPT PRINTER(TRP-006R)
598,GRG GSB ATM,208010187-GA,POWER SUPPLY(FSP300-70PFL)
599,GRG GSB ATM,208010270-GA,POWER SUPPLY(GW-FLX1800SSA/180W)
600,GRG GSB ATM,208010276-GA,POWER SUPPLY (PSU-3203)
601,GRG GSB ATM,210020232-GA,SPEAKER(LF-501S)
602,GRG GSB ATM,211010408001-GA,BINOCULAR CAMERA(GDZS-DC004-EJVL)
603,GRG GSB ATM,211010408-GA,BINOCULAR CAMERA(GDZS-DC004-EJVL)
604,GRG GSB ATM,211010662-GA,USB Camera DV-U3303WP205AD
605,GRG GSB ATM,213040191002-GA,SECURED CARD SLOT MODULE (SCM-001A）
606,GRG GSB ATM,213040191003-GA,SECURED CARD SLOT MODULE (SCM-001A/GD）
607,GRG GSB ATM,214010191022-GA,IPC-014(I5-3550 4GM 1T HD/IEI)
608,GRG GSB ATM,214010946-GA,IPC-102-03DX(i5-6500/8/256GSDMS）
609,GRG GSB ATM,214011490-GA,IPC-102-03DX(i5-6500/16/2X1TSD)
610,GRG GSB ATM,214020210-GA,Seagate ST1000DM010
611,GRG GSB ATM,214020527-GA,HARD DISK(AirDisk/AMF10/3.0 INCH/256G)
612,GRG GSB ATM,214020564-GA,SSD(XS300S001T/1T/SATA3 2.5)
613,GRG GSB ATM,214040210-GA,GRG-S7018(4GM/128G/mSATA/with cable)
614,GRG GSB ATM,214040316-GA,MIANBOARD/GRG-M1063/H110/10×USB/10×COM
615,GRG GSB ATM,214100011-GA,DVD ROM(LITEON/IHAS124)
616,GRG GSB ATM,215030222-GA,10-inch TOUCH SCREEN (MON-1001)
617,GRG GSB ATM,215030536-GA,TOUCH SCREEN/MON-1501/6CB01/8BOE
618,GRG GSB ATM,215050235-GA,"15-INCH SCREEN/MON-1501(NLT,CB01)"
619,GRG GSB ATM,215050240-GA,15-inch DISPLAY(MON-1501/NLT/NCB01)
620,GRG GSB ATM,216010006-GA,LAGARD PASSWORD LOCK (3390+1777)
621,GRG GSB ATM,216020190002-GA,TAIZHOU LOCK(FDS-B-8K-2)
622,GRG GSB ATM,301011640-GA,IO SIGNAL CONTROL BOARD
623,GRG GSB ATM,401042853-GA,SPEAKER SIGNAL EXTENSION CABLE
624,GRG GSB ATM,502010240-GA,Link transportation (rear service)
625,GRG GSB ATM,502011292-GA,4X1 KEYBOARD BOARD BINDING ASSY
626,GRG GSB ATM,502011771-GA,CDM Note Feeder
627,GRG GSB ATM,502011775-GA,Note presenter/ NP(long)
628,GRG GSB ATM,502014463-GA,NOTE FEEDER(CDM8240N)
629,GRG GSB ATM,502014469001-GA,CDM8240N TRANSPORT ASSY (FS)
630,GRG GSB ATM,502014469005-GA,CDM8240N TRANSPORT ASSY (FS)
631,GRG GSB ATM,502014499-GA,Short presenters of note delivery module
632,GRG GSB ATM,502014501-GA,Long presenters of note delivery module
633,GRG GSB ATM,502014572-GA,MAIN BOARD (CDM8240N)
634,GRG GSB ATM,502015962001-GA,CDM8240N TRANSPORT STRUCTURE MODULE
635,GRG GSB ATM,502018034-GA,ANTI-FISHING HOOK(Sankyo3H/ICT0H0-0301)
636,GRG GSB ATM,722022383-GA,CASH WITHDRAWAL LABEL(ENGLISH/H22V)
637,GRG GSB ATM,725039953-GA,SPEAKER BRACKET
638,GRG GSB ATM,725046621-GA,IPC-102-03YH REAR FIXED PLATE
639,GRG GSB ATM,725050389-GA,QR CODE BRACKET
640,GRG GSB ATM,726010376003-GA,SCREEN PANEL (NO SPRINKLING)
641,GRG GSB ATM,726012883005-GA,H22V CASH-OUT SLOT PANEL
642,GRG GSB ATM,726012890013-GA,DISPLAY PANEL
643,GRG ICBC,201020013010-IC,CDM8240(RS/Extended Routeway/4 Cassette)
644,GRG ICBC,206010182020-IC,EPP004 Key Pad (English Version)
645,GRG ICBC,301010583-IC,CDM8240 main board(6NC)
646,GRG ICBC,502011774-IC,Note Transporation
647,GRG ICBC,502011775-IC,Note presenter/ NP(long)
648,GRG ICBC,502011776-IC,Note presenter/ NP(short)
649,GRG ICBC,502011941-IC,NOTE STACKING MODULE
650,GRG ICBC,502018034-IC,ANTI-FISHING HOOK(Sankyo3H/ICT0H0-0301)
651,GRG GSB ATM,SG1KT-XP PLUS,UPS ESSCO
652,,7310000718,Carridge
653,,7310000706,Main Body HCDU (No Carridge)
654,,7760000064F,PCBA:MAINBOARD-FRONT
655,,CER112-5PCS,CE report (5PCS./PACK)/DATAONE
656,,7430000208-0100,Cassette Main CDU10-0100
657,,7430000208-0500,Cassette Main CDU10-0500
658,,7430000208-1000,Cassette Main CDU10-1000
659,,7310000702,Assy Reject CDU19 
660,,7100000216,MONITOR OPL20
661,,7100000233,MONITOR Sunlight 15' LCD
662,,7760000064R,PCBA:MAINBOARD-REAR 
663,,301010729-GA,MAIN BOARD (STANDARD/CDM8240N)
664,,502014465-GA,CDM8240N Note Cassette
665,,S7310000725,ASSY_ROTOR
666,,S5419000151,UNIT_ASSY_IC CONTACT ASSY_S13A057
667,,s5419000363,UNIT_ASSY_PCBA_S47A284A05_NIDEC
668,,S4441000048,RUBBER_PICK_UP_SF
669,,S4441000060,RUBBER_WHEEL_STACK_60PHI
670,,S4901000084,LOCK_E_LOCK-PAD_EC-0601A-SATIN
671,,S7310000715,ASSY_MAIN_MOTOR
672,,S4371000141,K-ASSY_RUBBER_STACK_82_CDU10
673,,S7430000242,UNIT_SUB_ASSY_SOL_SF
674,,S5640000126,MOTOR_DG3068_PG5
675,,S7310000718,ASSY_BS_MOLD_DB2
676,,S7310000726,ASSY_CABLE_ROTARY
677,,S4520000347,K-ASSY_BS_ST
678,,S7310000706,ASSY_RJRT_ROLLER_B
679,,7900001615,ASSY_EPP_PCI3_MX5600
680,,S4570000271,ROLLER_CAPTURE_MCRW_ICT3Q8-3A0260
681,,S5645000044,Shutter for Card Reader
682,,S5611000467,PCBA_A333_H81_MOTHER_BOARD_PCP
683,,S5510000012,MOTOR_MCRW_ICT3Q8-3A0260_SANKYO
684,,5621000002,Main Power Supply_2
,,214011665-BA,IPC-102-04DX i5-9500 16G 2*1TSSD
,,301011988-GA,CDM8240N MAIN CONTROL BOARD(GD)
,,IPC10203I516G0,IPC-102-03DX(i5-6500/16G/no SSD)
,,SPA20240528,Battery 12 V 7.2 ah
,,LONG20240626,Battery UPS-LONG(2 PCS / 1 Pack)
,,301011074,AD BOARD(ATM_DVI/VGA2281)
,,1BD142-502,Seagate Barracuda 500 GB / BAY Project
,,214020393,SATA (ST1000DM014/3.5 inch/7200R/1T/256M)
,,215030449-H,TOUCH SCREEN-KOT-215P-014
,,1PN20240917,Panel Acrylic
,,502010741,502010741    Step Motor Assy(CRM9250/RC1)
,,502011771-IC,CDM Note Feeder
,,GLOBA20241004,Battery 12V-7.2AH GLOBA Power (2 Pcs/1 Pack)
,,"502010284005,",CRM9250 NF UPPER MODULE(ENGLISH)
,,401016259-GA,8240N CASSETTE LOWER LEVE AND ID CABLE
,,301010252-GA,SENSOR BOARD (CASSETTE LOW DETECT/FOR CDM MODULE)
,,502014576-GA,EDDY CURRENT THICKNESS ASSY
,,502014469006-GA,CDM8240N TRANSPORT ASSY (FS)
,,502014469006-GA,CDM8240N TRANSPORT ASSY (FS)
,,502014487-GA,Reject Vault
,,TOOLS25012024,Tools_Bag
,,215030449,TOUCH SCREEN-KOT-215P-014
,,214020560-BA,V310-1024G-SSDV04dBB40A1024A00
,,603010310001-GA,STACKING GUIDE ROLLER FIXING FRAME
,,208010276,POWER SUPPLY (PSU-3203)
,,202011161003-GA,CARD READER CRT-350-NJ10-GS1
,,726012377003-GA,CDM8240N STACKER MECHANISM
,,716014179-GA,386 BEARING (FOR CRT-350/5x8/METAL)
,,714110033,(Set)RC IMPELLER 1+2 w BUCKLE
,,OUTDO20250701,Battery UPS-OUTDO(2 PCS / 1 Pack
,,714110033,(Set)RC IMPELLER 1+2 w BUCKLE (7 PCS / 1 Pack)
,,CER113-5PCS,CE report (5PCS./PACK)/DATAONE2
,,214020669,SSD(V310 1024G-4fLC20/2.5)#
,,401016243-GA,CDM8240N BUNDLE DEVERTER CABLE XS7
,,VITA20251015,Battery 12V-7.2AH Vitalize (2 Pcs/1 Pack)
,,3101173TE-1K,UPS Syndome
,,215050240,15-inch DISPLAY(MON-1501/NLT/NCB01)
,,"725030904002,",CRM9250 upper unit lock cover (including 725030903 lock bolt and 720110171 key lock)
,,502014575-GA,CIS rear transport light plate assembly
,,301011993,CRM9250 UPPER CONTROL BOARD(GD32)
,,720110168,ABA lock9439(with different keys)
,,726021449,4x1 FKP - silicon rubber
,,"206010182020,",EPP004 Keypad
,,214020503-GA,HDD(WD10EZEX/7200RPM/1TB)
,,714110044,EPDM CASH PICK-UP GUM WHEEL
,,214020604,HDD (DT01ACA100/1T 7200/3.5 inch/64M)
,,205011004002-GA,WITHDRAWAL SHUTTER (WST-004)
,,"214010191002,",IPC-014(i3/3.3G/4GM/2* 1T HD)
,,"502010222001,",Cash Transportation (Rear service)
,,ACR39U-U1,ACR39U(Rev.B)
